<?xml version="1.0" encoding="UTF-8"?>
<api context="/metrics" name="TelecomMetricsAggregateAPI" xmlns="http://ws.apache.org/ns/synapse">
    <resource methods="GET">
        <inSequence>
            <call>
                <endpoint key="NexusEndpoint"/>
            </call>
            <enrich>
                <source clone="true" type="body"/>
                <target property="NEXUS_RESPONSE" type="property"/>
            </enrich>
            <call>
                <endpoint key="WishqueEndpoint"/>
            </call>
            <enrich>
                <source clone="true" type="body"/>
                <target property="WISHQUE_RESPONSE" type="property"/>
            </enrich>
            <call>
                <endpoint key="TenetEndpoint"/>
            </call>
            <enrich>
                <source clone="true" type="body"/>
                <target property="TENET_RESPONSE" type="property"/>
            </enrich>
            <respond/>
        </inSequence>
        <outSequence/>
        <faultSequence/>
    </resource>
</api>
