<?xml version="1.0" encoding="UTF-8"?><artifacts>
    <artifact name="TelecomMetricsAggregateAPI" groupId="com.example.api" version="1.0.0" type="synapse/api" serverRole="EnterpriseServiceBus">
        <file>src/main/synapse-config/api/TelecomMetricsAggregateAPI.xml</file>
    </artifact>
    <artifact name="TelecomMetricsAggregateAPI_swagger" groupId="com.example.metadata" version="1.0.0" type="synapse/metadata" serverRole="EnterpriseServiceBus">
        <file>src/main/resources/metadata/TelecomMetricsAggregateAPI_swagger.yaml</file>
    </artifact>
    <artifact name="TelecomMetricsAggregateAPI_metadata" groupId="com.example.metadata" version="1.0.0" type="synapse/metadata" serverRole="EnterpriseServiceBus">
        <file>src/main/resources/metadata/TelecomMetricsAggregateAPI_metadata.yaml</file>
    </artifact>
    <artifact name="NexusEndpoint" groupId="com.example.endpoint" version="1.0.0" type="synapse/endpoint" serverRole="EnterpriseServiceBus">
        <file>src/main/synapse-config/endpoints/NexusEndpoint.xml</file>
    </artifact>
    <artifact name="WishqueEndpoint" groupId="com.example.endpoint" version="1.0.0" type="synapse/endpoint" serverRole="EnterpriseServiceBus">
        <file>src/main/synapse-config/endpoints/WishqueEndpoint.xml</file>
    </artifact>
    <artifact name="TenetEndpoint" groupId="com.example.endpoint" version="1.0.0" type="synapse/endpoint" serverRole="EnterpriseServiceBus">
        <file>src/main/synapse-config/endpoints/TenetEndpoint.xml</file>
    </artifact>
</artifacts>
