<?xml version="1.0" encoding="UTF-8"?>
<api context="/catering/register" name="CateringServiceRESTAPI" xmlns="http://ws.apache.org/ns/synapse">
    <resource methods="POST">
        <inSequence>
            <store messageStore="CateringServiceMessageStore"/>
            <payloadFactory media-type="json">
                <format>{"Message" : "Thank you for registering. The request will be processed shortly"}</format>
                <args/>
            </payloadFactory>
            <respond/>
        </inSequence>
        <outSequence/>
        <faultSequence/>
    </resource>
</api>
