<?xml version="1.0" encoding="UTF-8"?>
<messageStore class="org.apache.synapse.message.store.impl.jdbc.JDBCMessageStore" name="FailMessageStore" xmlns="http://ws.apache.org/ns/synapse">
    <parameter name="store.jdbc.driver">com.mysql.jdbc.Driver</parameter>
    <parameter name="store.producer.guaranteed.delivery.enable">false</parameter>
    <parameter name="store.jdbc.username">root</parameter>
    <parameter name="store.jdbc.connection.url">jdbc:mysql://db:3306/RailCoStoreDB</parameter>
    <parameter name="store.jdbc.password">pwd</parameter>
    <parameter name="store.jdbc.table">FAILOVER_MESSAGE_STORE</parameter>
</messageStore>
