<?xml version="1.0" encoding="UTF-8"?><artifacts>
    <artifact name="ErrorSequence" groupId="com.example.sequence" version="1.0.0-SNAPSHOT" type="synapse/sequence" serverRole="EnterpriseServiceBus">
        <file>src/main/synapse-config/sequences/ErrorSequence.xml</file>
    </artifact>
    <artifact name="SendEmailSeq" groupId="com.example.sequence" version="1.0.0-SNAPSHOT" type="synapse/sequence" serverRole="EnterpriseServiceBus">
        <file>src/main/synapse-config/sequences/SendEmailSeq.xml</file>
    </artifact>
    <artifact name="MaintenanceFileInboundEP" groupId="com.example.inbound-endpoint" version="1.0.0-SNAPSHOT" type="synapse/inbound-endpoint" serverRole="EnterpriseServiceBus">
        <file>src/main/synapse-config/inbound-endpoints/MaintenanceFileInboundEP.xml</file>
    </artifact>
    <artifact name="EmailConnection" groupId="com.example.local-entry" version="1.0.0" type="synapse/local-entry" serverRole="EnterpriseServiceBus">
        <file>/src/main/synapse-config/local-entries/EmailConnection.xml</file>
    </artifact>
</artifacts>
