<?xml version="1.0" encoding="UTF-8"?><artifacts>
    <artifact name="CateringServiceMessageStore" groupId="com.example.message-store" version="1.0.0" type="synapse/message-store" serverRole="EnterpriseServiceBus">
        <file>src/main/synapse-config/message-stores/CateringServiceMessageStore.xml</file>
    </artifact>
    <artifact name="FailMessageStore" groupId="com.example.message-store" version="1.0.0" type="synapse/message-store" serverRole="EnterpriseServiceBus">
        <file>src/main/synapse-config/message-stores/FailMessageStore.xml</file>
    </artifact>
    <artifact name="CateringServiceEP" groupId="com.example.endpoint" version="1.0.0" type="synapse/endpoint" serverRole="EnterpriseServiceBus">
        <file>src/main/synapse-config/endpoints/CateringServiceEP.xml</file>
    </artifact>
    <artifact name="ReplySequence" groupId="com.example.sequence" version="1.0.0" type="synapse/sequence" serverRole="EnterpriseServiceBus">
        <file>src/main/synapse-config/sequences/ReplySequence.xml</file>
    </artifact>
    <artifact name="FailMessageSequence" groupId="com.example.sequence" version="1.0.0" type="synapse/sequence" serverRole="EnterpriseServiceBus">
        <file>src/main/synapse-config/sequences/FailMessageSequence.xml</file>
    </artifact>
    <artifact name="DeactivateSequence" groupId="com.example.sequence" version="1.0.0" type="synapse/sequence" serverRole="EnterpriseServiceBus">
        <file>src/main/synapse-config/sequences/DeactivateSequence.xml</file>
    </artifact>
    <artifact name="CateringServiceForwardingProcessor" groupId="com.example.message-processors" version="1.0.0" type="synapse/message-processors" serverRole="EnterpriseServiceBus">
        <file>src/main/synapse-config/message-processors/CateringServiceForwardingProcessor.xml</file>
    </artifact>
    <artifact name="CateringServiceRESTAPI" groupId="com.example.api" version="1.0.0" type="synapse/api" serverRole="EnterpriseServiceBus">
        <file>src/main/synapse-config/api/CateringServiceRESTAPI.xml</file>
    </artifact>
    <artifact name="CateringServiceFailoverProcessor" groupId="com.example.message-processors" version="1.0.0" type="synapse/message-processors" serverRole="EnterpriseServiceBus">
        <file>src/main/synapse-config/message-processors/CateringServiceFailoverProcessor.xml</file>
    </artifact>
</artifacts>
